{"cameraMode":{"drawMode":0,"name":"Shaded","section":"Shading Mode"},"sceneLighting":true,"audioPlay":false,"sceneViewState":{"showFog":true,"showMaterialUpdate":false,"showSkybox":true,"showFlares":true,"showImageEffects":true,"showParticleSystems":true},"in2DMode":false,"pivot":{"x":-0.2901293635368347,"y":-5.133228302001953,"z":-18.372867584228517},"rotation":{"x":0.0018605637596920133,"y":-0.9878749847412109,"z":0.15478582680225373,"w":0.011871383525431157},"size":20.7182674407959,"orthographic":false}